{"real_sn": [0.3328178883658979, 0.33680595525596724, 0.3993530532923019, 0.4003762598193628, 0.358055506764729, 0.415367415365649, 0.4402929197282548, 0.4568975304295658, 0.48226336002532333, 0.46543384760847334, 0.4482151925932753, 0.4197306365142743, 0.40279782267600994, 0.4011881982754292], "real_pf": [0.3147602124333042, 0.29123415024982147, 0.36699445735667335, 0.3784320446930944, 0.37799498870125686, 0.35846131581257434, 0.36661312591775963, 0.36342917568182137, 0.33316550286130237, 0.36397966372375207, 0.3551288717249153, 0.32134041378348893, 0.3556450537252866, 0.3267092401902046], "mixed_sn": [0.3580888344495352, 0.28548070259156594, 0.4045541130145528, 0.41872233039655515, 0.4834610906917245, 0.453365961281836, 0.4499057509042831, 0.47500915663826565, 0.4558259228141526, 0.43421236075596853, 0.4363369124320538, 0.4463269575683818, 0.43357353159172896, 0.4397107279829133], "mixed_pf": [0.20810485257358113, 0.22483267918413483, 0.2535111563331608, 0.261625679790083, 0.26708808970798553, 0.28159683304810745, 0.2910545512113014, 0.31586805669104484, 0.2918635380917821, 0.29964931046657206, 0.31594133321467033, 0.31837707743646865, 0.3515682451250893, 0.33741854877404115], "fake_sn": [0.39859782545062383, 0.4751575610066978, 0.459102974723668, 0.493351144887756, 0.505596747554309, 0.46736645795052845, 0.5079708921374063, 0.5091851353733013, 0.49885687679670293, 0.49672838315152146, 0.48000277453956025, 0.49295640846972383, 0.5204691776056216, 0.49365068267466333], "fake_pf": [0.48118074284164836, 0.5062680917176875, 0.5129066108735456, 0.5248537379960666, 0.4700383429928463, 0.47315796313880554, 0.48390501480336984, 0.45929184611602125, 0.4394495562327556, 0.46926999560349664, 0.4579728425262078, 0.44468787082558686, 0.48327710326814505, 0.47498276459789784]}