{"real": [0.24184380154081592, 0.2742017375666701, 0.286614719572695, 0.2807550697038728, 0.2901417397403988, 0.3039404240108369, 0.32410488099072443, 0.3003542623493581, 0.30181503987838654, 0.3064622815928135, 0.3221777975254326, 0.3264445863578621, 0.3142018738706668], "mixed": [0.1816953511553615, 0.2322535141284354, 0.22631911980312425, 0.24982039751529944, 0.274569509345539, 0.3157409844891589, 0.31623804374532016, 0.31927473830736214, 0.30368758664460027, 0.31784466518970966, 0.33216446196573707, 0.30913884288569426, 0.31582886918420344], "fake": [0.463405930255413, 0.5126380826961116, 0.43787293666103494, 0.4584436256872853, 0.4779314530940746, 0.4735211316560503, 0.45284833161849525, 0.4967159131551331, 0.4926377178228236, 0.4607313796367633, 0.46213986195832346, 0.4662473840643901, 0.47295145413954554]}