{"real_sn": [-7.032137151727648, -7.010413566229133, -6.9927489443562205, -6.985695204301423, -6.980177908493702, -6.973388647475301, -6.978260203854452, -6.977761758897493, -6.978791066828014, -6.982237006926, -7.00531629224466, -7.0038997741655225, -7.007483290277714, -7.0248935355273785], "real_pf": [-6.452854079434113, -6.416616932338148, -6.376057717061302, -6.373898755127449, -6.355961368468886, -6.369853950743424, -6.3914982982102195, -6.39140365684128, -6.382575694689484, -6.39972758563326, -6.41792526003764, -6.445941889183785, -6.432888845411816, -6.439921231794566], "mixed_sn": [-7.159718490311905, -7.132146916260081, -7.096649628661587, -7.100361836645447, -7.071299751708633, -7.083249741101063, -7.076954942646012, -7.083188950390495, -7.08737281685377, -7.107118075488981, -7.091454195862879, -7.1007062977501265, -7.095627575373478, -7.100978499163075], "mixed_pf": [-6.6245364688791915, -6.607512160531285, -6.583820006433631, -6.570669695013153, -6.570231705413342, -6.553876126244748, -6.559612641613787, -6.546093496628494, -6.558807235497383, -6.567989366463589, -6.586137011889857, -6.585570258130402, -6.582270232441444, -6.595560624000562], "fake_sn": [-7.662073547001947, -7.615325598026985, -7.597689682702204, -7.564769248310505, -7.551517525250801, -7.563482952714641, -7.547228019932967, -7.539098199907811, -7.537567435726287, -7.54456883224527, -7.645040694810695, -7.806819503899384, -7.947644002205347, -8.060897608089299], "fake_pf": [-7.619962317281702, -7.5386290431708725, -7.51333285000782, -7.48993509523047, -7.492338219515795, -7.47829811928116, -7.4595119392782605, -7.459947682397304, -7.447020485777664, -7.461647265695187, -7.5758194767347895, -7.758691477607412, -7.950919910388721, -8.117450866429238]}