{"real": [-5.579157340239764, -5.565987355053144, -5.568476433975062, -5.583743904582708, -5.602568101355422, -5.616241979895905, -5.62816056119835, -5.6569835413988265, -5.6492084548329515, -5.692481134566528, -5.7000758788084385, -5.691818405698078, -5.738221684198053], "mixed": [-5.8816714358769895, -5.8568466523785805, -5.859543839786446, -5.866916551358307, -5.855673825896442, -5.874905591709491, -5.878318897989493, -5.905720394254028, -5.927124488548017, -5.94523167630985, -5.94159602896358, -5.971021181768255, -5.988281533070022], "fake": [-7.63080508033587, -7.5861981291931535, -7.582706034702721, -7.5485685735220125, -7.544191811161458, -7.528280848529578, -7.529506905693804, -7.521470272630122, -7.523376945427954, -7.530036372921481, -7.6207138658941185, -7.78303672855037, -7.925600562366034]}